[{"title_en":"Open Access in 2020: up by 8 percentage points","title_de":"Open Access im Jahr 2020: Steigerung um 8 Prozentpunkte","title_fr":"Publications en libre accès : augmentation de 8 points en 2020","author":"Tobias Philipp;Julius Mattern","datastory_category":"standard","publication_date":"2022-04-27 02:00:00","languages":"en;de;fr","short_desc_en":"SNSF-funded research produced a total of 13,938 publications in 2020, 63% of which are freely accessible. Upgrades in monitoring capabilities make the positive trend towards more Open Access (OA) more readily visible.","short_desc_de":"13’938 Publikationen sind 2020 aus SNF-geförderter Forschung hervorgegangen. Davon sind 63% frei zugänglich. Anpassungen im Monitoring machen die positive Entwicklung hin zu mehr Open Access (OA) jetzt schneller sichtbar.","short_desc_fr":"En 2020, sur les 13 938 publications issues de recherches financées par le FNS, 63 % étaient en libre accès (Open Access, OA). Des adaptations dans le monitoring rendent désormais plus rapidement visible l’évolution positive vers plus d’OA.","tags":"T10T,T40T,T220T","author_url":"datastories@snf.ch;datastories@snf.ch","top_story":false,"github_url":"https://github.com/snsf-data/datastory_new_figures_oa_monitoring_2020","doi":"https://doi.org/10.46446/datastory.new-figures-oa-monitoring-2020"}]
